0,0
0.175,0
0,0.2
0.1754112,0.1995888
0.35,0
0,0.4
0.3511136,0.1988864
0.1762176,0.3987824
0.525,0
0.3528928,0.3971072
0.527074844,0.197925156
0,0.6
0.1773584,0.5976416
0.529974756,0.395025244
0.3552352,0.5947648
0.7,0
0.703262578,0.196737422
0.5335728,0.5914272
0,0.8
0.707412622,0.392587378
0.1787728,0.7962272
0.3580384,0.7919616
0.875,0
0.879644444,0.195355556
0.7123136,0.5876864
0.537742044,0.787257956
0.885155556,0.389844444
0,1
0.1804,0.9946
1.05,0
0.3612,0.9888
0.717828978,0.782171022
0.8914,0.5836
1.05618809,0.193811911
0.542355556,0.982644444
1.06315271,0.386847289
0.898244444,0.776755556
0,1.2
0.1821792,1.1928208
0.723822222,0.976177778
1.0707744,0.5792256
1.225,0
0.3646176,1.1853824
1.23286116,0.192138844
0.5472864,1.1777136
1.24135324,0.383646756
1.07893369,0.771066311
0.905555556,0.969444444
1.2503792,0.5746208
0.7301568,1.1698432
0,1.4
1.4,0
0.1840496,1.3909504
1.40963129,0.190368711
0.3681888,1.3818112
1.08751111,0.962488889
1.41970631,0.380293689
1.25984196,0.765158044
0.9132,1.1618
0.552407644,1.37259236
1.4301568,0.5698432
0.736696178,1.36330382
1.575,0
1.26964444,0.955355556
1.0963872,1.1536128
1.58646613,0.188533867
0.1859504,1.5890496
0,1.6
0.3718112,1.5781888
1.44091449,0.759085511
0.921044444,1.35395556
1.59816107,0.376838933
0.557592356,1.56740764
1.6100496,0.5649504
1.2796896,1.1453104
0.743303822,1.55669618
1.45191111,0.948088889
1.10544249,1.34455751
1.75,0
1.76333333,0.186666667
1.62209653,0.752903467
0.1878208,1.7871792
0,1.8
0.928955556,1.54604444
0.3753824,1.7746176
1.77666667,0.373333333
0.5627136,1.7622864
1.4630784,1.1369216
1.28988036,1.33511964
1.79,0.56
1.63426667,0.940733333
1.11455751,1.53544249
0.7498432,1.7501568
1.925,0
1.94020053,0.184799467
1.80333333,0.746666667
0.9368,1.7382
1.47434809,1.32565191
1.95517227,0.369827733
0.1896,1.9854
1.6465248,1.1284752
0,2
1.30011964,1.52488036
0.3788,1.9712
0.567644444,1.95735556
1.81666667,0.933333333
1.9699504,0.5550496
1.1236128,1.7263872
0.756177778,1.94382222
2.1,0
1.65883573,1.31616427
1.98457013,0.740429867
1.48565191,1.51434809
2.11703538,0.182964622
1.83,1.12
0.944444444,1.93055556
1.3103104,1.7146896
2.13362702,0.366372978
0.1912272,2.1837728
0,2.2
0.3819616,2.1680384
1.99906667,0.925933333
2.1498432,0.5501568
1.13248889,1.91751111
0.572257956,2.15274204
1.67116427,1.50383573
1.84333333,1.30666667
1.4969216,1.7030784
0.762171022,2.13782898
2.275,0
2.16575218,0.734247822
2.0134752,1.1115248
2.29380551,0.181194489
1.32035556,1.90464444
0.951755556,2.12324444
2.31198009,0.363019911
2.18142222,0.918577778
1.85666667,1.49333333
1.6834752,1.6915248
0.1926416,2.3823584
2.3296208,0.5453792
0.3847648,2.3652352
1.14106631,2.10893369
0,2.4
2.02783093,1.29716907
0.5764272,2.3485728
1.50808889,1.89191111
2.45,0
0.7676864,2.3323136
2.34682471,0.728175289
2.1969216,1.1030784
2.47047858,0.179521422
1.33015804,2.09484196
0.9586,2.3164
1.87,1.68
2.49018062,0.359819378
2.04216907,1.48283093
1.69573333,1.87926667
2.36368889,0.911311111
2.21231858,1.28768142
2.5092256,0.5407744
1.1492256,2.3007744
1.51908551,2.08091449
0.1937824,2.5812176
0.3871072,2.5628928
0,2.6
0.580025244,2.54497476
2.3803104,1.0946896
2.625,0
2.52773298,0.722267022
0.772587378,2.52741262
2.0565248,1.6684752
1.3396208,2.2853792
1.88333333,1.86666667
2.64702222,0.177977778
2.22768142,1.47231858
1.70790347,2.06709653
0.964844444,2.51015556
2.66817778,0.356822222
2.54582222,0.904177778
2.39678631,1.27821369
1.5298432,2.2701568
2.6886,0.5364
1.15684729,2.49315271
2.07093333,1.85406667
2.5636128,1.0863872
0.1945888,2.7804112
0.3888864,2.7611136
2.2430784,1.6569216
1.89666667,2.05333333
0,2.8
2.8,0
2.70842222,0.716577778
0.582925156,2.74207484
1.34864676,2.47635324
2.41321369,1.46178631
2.82340409,0.176595911
0.776737422,2.72326258
1.7199504,2.2550496
2.84592071,0.354079289
2.72777778,0.897222222
0.970355556,2.70464444
2.58122418,1.26877582
1.54029369,2.45970631
2.25857778,1.84142222
2.8676864,0.5323136
2.08542987,2.03957013
1.16381191,2.68618809
2.4296896,1.6453104
1.91,2.24
2.7468,1.0782
2.975,0
2.88883769,0.711162311
2.59877582,1.45122418
0.39,2.96
0.195,2.98
1.35713884,2.66786116
1.73183893,2.44316107
0.585,2.94
0,3
2.99959182,0.175408178
0.78,2.92
2.76562222,1.25937778
2.90951111,0.890488889
3.02335858,0.351641422
2.27424782,2.02575218
2.44631111,1.82868889
2.1000496,2.2249504
0.975,2.9
1.55036871,2.64963129
2.6163872,1.6336128
3.0464272,0.5285728
1.92333333,2.42666667
1.17,2.88
2.9298432,1.0701568
2.78437778,1.44062222
3.06892462,0.706075378
3.15,0
1.74353387,2.63146613
0.3892312,3.1357688
0.194731025,3.15526898
1.365,2.86
0.583526175,3.11647383
0,3.175
3.17555307,0.174446933
2.46317529,2.01182471
2.2901568,2.2098432
0.7776416,3.0973584
2.63417778,1.81582222
2.94997049,1.25002951
2.11482773,2.41017227
3.09097778,0.884022222
3.20044053,0.349559467
0.971603125,3.07839688
2.8032,1.6218
1.56,2.84
1.93666667,2.61333333
3.2247648,0.5252352
1.1654364,3.0595636
3.1127136,1.0622864
2.97002951,1.42997049
2.4803792,2.1946208
2.65226702,1.99773298
1.755,2.82
3.24862827,0.701371733
2.30637298,2.39362702
3.325,0
1.35916708,3.04083293
0.3880736,3.3119264
0.1942312,3.3307688
0.5815704,3.2934296
2.82222222,1.80277778
0,3.35
3.35125547,0.173744533
2.12979947,2.59520053
0.7747648,3.2752352
3.13425902,1.24074098
3.27213333,0.877866667
3.37711573,0.347884267
2.9901568,1.6098432
1.5528208,3.0221792
0.9677,3.2573
1.95,2.8
1.1604192,3.2395808
3.4026416,0.5223584
2.6707744,2.1792256
2.49801991,2.37698009
3.2953824,1.0546176
3.15574098,1.41925902
2.84157778,1.98342222
2.32296462,2.57703538
1.74642323,3.00357678
1.3529656,3.2220344
3.42789387,0.697106133
3.5,0
3.01048889,1.78951111
0.3865704,3.4884296
2.145,2.78
0.193526175,3.50647383
0.579186225,3.47081378
0,3.525
3.52666667,0.173333333
0.7714272,3.4535728
3.31847787,1.23152213
3.1772864,1.5977136
1.5453824,3.2046176
1.94,2.985
3.45293333,0.872066667
0.963346875,3.43665313
3.55333333,0.346666667
2.68981938,2.36018062
2.8614,2.1636
2.51619449,2.55880551
1.1549988,3.4200012
3.03116231,1.96883769
3.58,0.52
2.34,2.76
3.34152213,1.40847787
1.7377128,3.1872872
3.4778208,1.0471792
2.13357678,2.96642323
3.19902222,1.77597778
1.34643652,3.40356348
3.60666667,0.693333333
3.675,0
0.3847648,3.6652352
0.1926416,3.6823584
0.5764272,3.6485728
0,3.7
3.70207787,0.172922133
3.50261707,1.22238293
1.93,3.17
0.7676864,3.6323136
2.88182222,2.34317778
2.70952142,2.54047858
3.3646176,1.5853824
1.5377136,3.3872864
3.0523136,2.1476864
2.535,2.74
3.63333333,0.866666667
0.9586,3.6164
3.72955093,0.345449067
2.3271792,2.9478208
3.22107538,1.95392462
1.1492256,3.6007744
1.72888358,3.37111643
3.7573584,0.5176416
3.52738293,1.39761707
2.1222872,3.1527128
3.66,1.04
3.38786667,1.76213333
1.3396208,3.5853792
2.90297778,2.52202222
3.78543947,0.689560533
3.85,0
2.73,2.72
3.07407929,2.32592071
0.3827,3.8423
0.191603125,3.85839687
2.52083292,2.92916708
1.92,3.355
0.573346875,3.82665313
0,3.875
3.68666667,1.21333333
3.2435728,2.1314272
3.87778027,0.172219733
1.5298432,3.5701568
3.5521792,1.5728208
0.7636,3.8114
2.3146176,3.1353824
3.81373333,0.861266667
0.953515625,3.79648437
3.90622613,0.343773867
3.41137173,1.93862827
1.7199504,3.5550496
2.11111643,3.33888358
1.14315,3.78185
3.71333333,1.38666667
3.9352352,0.5147648
3.8421792,1.0328208
2.7145636,2.9104364
2.925,2.7
3.57706667,1.74793333
3.09659591,2.50340409
1.33255938,3.76744063
3.26664142,2.30835858
2.5070344,3.1179656
1.91,3.54
3.96470507,0.685294933
4.025,0
3.4352352,2.1147648
0.3804192,4.0195808
0.1904364,4.0345636
2.3022864,3.3227136
0.5699988,4.0050012
1.5218,3.7532
0,4.05
3.74,1.56
3.87071627,1.20428373
4.05374151,0.171258489
0.7592256,3.9907744
3.60210613,1.92289387
3.99453333,0.855466667
0.94815,3.97685
4.08330809,0.341691911
2.90839688,2.89160313
2.1000496,3.5249504
2.6995808,3.1004192
1.71092812,3.73907188
3.12,2.68
1.1368224,3.9631776
3.29040818,2.48459182
3.89928373,1.37571627
2.49356347,3.30643653
4.1135728,0.5114272
3.76666667,1.73333333
3.45955947,2.29044053
4.0246176,1.0253824
1.3252932,3.9497068
1.9,3.725
3.6273584,2.0976416
2.2901568,3.5098432
4.14440871,0.680591289
4.2,0
0.3779656,4.1970344
0.189167075,4.21083293
1.5136128,3.9363872
3.9278208,1.5471792
0.566436525,4.18356347
0,4.225
2.8923,3.0827
4.05485547,1.19514453
3.1023584,2.8726416
4.22992924,0.170070756
0.7546208,4.1703792
3.79333333,1.90666667
2.6850012,3.2899988
3.315,2.66
2.08907187,3.71092813
4.17568889,0.849311111
0.942559375,4.15744062
3.48444693,2.46555307
4.26074596,0.339254044
1.7018316,3.9231684
2.4803792,3.4946208
1.1302932,4.1447068
3.65288427,2.27211573
4.08514453,1.36485547
3.95626667,1.71873333
4.2923136,0.5076864
4.2072864,1.0177136
1.31786322,4.13213677
2.2782,3.6968
1.89,3.91
3.0852352,3.0647648
3.82,2.08
2.87665312,3.27334688
3.29647382,2.85352618
4.375,0
4.32449564,0.675504356
1.5053104,4.1196896
2.6707744,3.4792256
0.3753824,4.3746176
0.1878208,4.3871792
3.51,2.64
4.1153824,1.5346176
0.5627136,4.3622864
0,4.4
4.23907431,1.18592569
4.40631111,0.168688889
3.98456053,1.89043947
0.7498432,4.3501568
2.0781684,3.8968316
3.67874453,2.44625547
2.46744063,3.68255938
4.35715556,0.842844444
0.9368,4.3382
1.69267567,4.10732433
4.43848889,0.336511111
3.84666667,2.25333333
1.1236128,4.3263872
3.0685728,3.2564272
3.2784296,3.0465704
4.27092569,1.35407431
4.14546667,1.70453333
2.8614,3.4636
3.4907688,2.8342312
2.2663872,3.8836128
4.4714,0.5036
4.3901568,1.0098432
1.88,4.095
1.3103104,4.3146896
4.0126416,2.0623584
2.65685,3.66815
3.705,2.62
4.55,0
4.50491111,0.670088889
1.4969216,4.3030784
4.3027136,1.5222864
0.186423225,4.56357677
0.3727128,4.5522872
3.87333333,2.42666667
0,4.575
0.558883575,4.54111643
2.06732432,4.08267567
4.17529493,1.87470507
4.42336284,1.17663716
2.4547068,3.8702932
4.58285476,0.167145244
0.7449504,4.5300496
3.26081377,3.23918623
3.0523136,3.4476864
3.4719264,3.0280736
1.6834752,4.2915248
0.930928125,4.51907187
4.53888889,0.836111111
4.04044907,2.23455093
4.61648604,0.333513956
2.84648438,3.65351562
3.68526897,2.81473103
1.1168316,4.5081684
4.33431111,1.69068889
2.2546896,4.0703104
4.45663716,1.34336284
1.87,4.28
2.6431776,3.8568224
4.2047648,2.0452352
4.6507744,0.4992256
4.5732,1.0018
1.30267568,4.49732433
3.9,2.6
3.2435728,3.4314272
3.4534296,3.2215704
4.725,0
4.06792213,2.40707787
1.4884752,4.4865248
4.68560036,0.664399644
2.44213678,4.05786322
4.4898432,1.5101568
2.0565248,4.2684752
3.0364,3.6386
3.6657688,3.0092312
0.185,4.74
0.37,4.73
4.36559129,1.85940871
0,4.75
0.555,4.72
4.60771111,1.16728889
4.75952782,0.165472178
0.74,4.71
2.83185,3.84315
1.67424503,4.47575498
4.23377387,2.21622613
3.88,2.795
0.925,4.7
4.72084444,0.829155556
4.79468658,0.330313422
2.2430784,4.2569216
1.11,4.69
4.52284444,1.67715556
2.6297068,4.0452932
4.64228889,1.33271111
1.86,4.465
4.095,2.58
4.3964272,2.0285728
3.4352352,3.4147648
3.22665312,3.62334688
3.64647383,3.20352618
4.8303792,0.4946208
1.295,4.68
4.7563872,0.9936128
3.0207744,3.8292256
3.86,2.99
4.26221973,2.38778027
2.4296896,4.2453104
1.48,4.67
4.9,0
2.04575498,4.45424503
4.86650862,0.658491378
4.6768,1.4982
4.55550436,1.84449564
2.81744063,4.03255937
0.183576775,4.91642322
0.3672872,4.9077128
0,4.925
0.551116425,4.89888357
4.79210916,1.15789084
4.075,2.775
4.93629796,0.163702044
4.42669191,2.19830809
0.7350496,4.8899504
1.665,4.66
0.919071875,4.88092813
3.4173,3.6077
3.6273584,3.3976416
4.90297778,0.822022222
2.2315248,4.4434752
2.6163872,4.2336128
4.97303964,0.326960356
3.2100012,3.8149988
3.84,3.185
1.1031684,4.8718316
4.29,2.56
4.71111111,1.66388889
1.85,4.65
4.82789084,1.32210916
4.5876864,2.0123136
3.0053792,4.0196208
4.055,2.97
1.28732433,4.86267568
5.0101568,0.4898432
4.9396896,0.9853104
4.45625849,2.36874151
2.41732433,4.43267568
2.035,4.64
2.8032,4.2218
1.4715248,4.8534752
5.075,0
4.27,2.755
4.8636128,1.4863872
4.74508889,1.82991111
5.04758116,0.652418844
3.60839687,3.59160313
0.1821792,5.0928208
0.3646176,5.0853824
3.3995808,3.8004192
0,5.1
3.82,3.38
0.5472864,5.0777136
4.97654702,1.14845298
4.61925404,2.18074596
5.1131328,0.1618672
1.65575497,4.84424503
0.7301568,5.0698432
3.19356348,4.00643652
4.035,3.165
2.6031684,4.4218316
2.22,4.63
0.9132,5.0618
5.08524444,0.814755556
4.485,2.54
5.1514944,0.3235056
2.9901568,4.2098432
4.89915556,1.65084444
1.0963872,5.0536128
1.84,4.835
4.25,2.95
4.7786,1.9964
5.01345298,1.31154702
1.2796896,5.0453104
2.405,4.62
4.65007076,2.34992924
5.1900496,0.4849504
5.1230784,0.9769216
3.5895636,3.7854364
3.8,3.575
2.78907188,4.41092813
3.3820344,3.9929656
2.02424503,4.82575498
4.015,3.36
4.465,2.735
1.4630784,5.0369216
5.25,0
4.93439964,1.81560036
5.0503104,1.4746896
3.1772864,4.1977136
5.2287632,0.6462368
4.23,3.145
0.180832925,5.26916707
0,5.275
0.3620344,5.2629656
4.81151111,2.16348889
0.543563475,5.25643652
5.16101476,1.13898524
2.59,4.61
1.6465248,5.0284752
5.29,0.16
2.2084752,4.8165248
0.7253792,5.2496208
2.9750496,4.3999504
4.68,2.52
0.907440625,5.24255938
4.445,2.93
5.2676,0.8074
3.78,3.77
5.33,0.32
1.83,5.02
5.08702222,1.63797778
3.57083292,3.97916707
1.0897068,5.2352932
3.995,3.555
4.9692256,1.9807744
5.19898524,1.30101476
2.39267568,4.80732432
3.3646176,4.1853824
2.775,4.6
4.21,3.34
4.84368889,2.33131111
1.27213678,5.22786323
5.37,0.48
4.66,2.715
5.3065248,0.9684752
2.0134752,5.0115248
3.16111642,4.38888357
4.425,3.125
1.4546896,5.2203104
5.425,0
5.12349138,1.80150862
5.2369216,1.4630784
5.00351396,2.14648604
2.5768316,4.7981684
5.41,0.64
0.1795636,5.4454364
0,5.45
0.3595808,5.4404192
2.96,4.59
0.5400012,5.4349988
5.3455024,1.1294976
1.63732433,5.21267567
2.1969216,5.0030784
3.76,3.965
3.975,3.75
5.4668672,0.1581328
0.7207744,5.4292256
4.64,2.91
4.875,2.5
3.5521792,4.1728208
4.19,3.535
0.90185,5.42315
5.45,0.8
3.3472872,4.3777128
1.82,5.205
4.405,3.32
5.5085056,0.3164944
5.27475556,1.62524444
5.1596208,1.9653792
1.0831776,5.4168224
2.76092813,4.78907188
2.3803104,4.9946896
5.3844976,1.2905024
5.03714524,2.31285476
4.855,2.695
3.145,4.58
1.2647068,5.4102932
4.62,3.105
2.00267568,5.19732433
5.5499504,0.4750496
5.49,0.96
3.955,3.945
1.4463872,5.4036128
3.74,4.16
4.17,3.73
5.6,0
5.31241884,1.78758116
2.5636128,4.9863872
5.4234752,1.4515248
2.9449504,4.7800496
5.19531342,2.12968658
3.53357678,4.36642323
4.385,3.515
0.178396875,5.62160313
0,5.625
5.5912368,0.6337632
0.3573,5.6177
2.1853104,5.1896896
4.835,2.89
1.6281684,5.3968316
0.536653125,5.61334687
5.53,1.12
5.07,2.48
5.64370204,0.156297956
0.7164,5.6086
3.33,4.57
4.6,3.3
0.896484375,5.60351562
2.7468,4.9782
1.81,5.39
5.6324,0.7926
5.3498432,1.9501568
5.4624,1.6126
5.68696036,0.313039644
2.36786323,5.18213678
1.07685,5.59815
3.12888358,4.77111643
5.23047218,2.29452782
3.935,4.14
4.15,3.925
5.05,2.675
5.57,1.28
4.815,3.085
3.72,4.355
4.365,3.71
1.25744063,5.59255938
1.9918316,5.3831684
5.7298432,0.4701568
5.6734752,0.9515248
3.515,4.56
4.58,3.495
1.4382,5.5868
2.5502932,5.1747068
2.9298432,4.9701568
5.775,0
5.5012368,1.7737632
5.38696036,2.11303964
5.03,2.87
5.61,1.44
2.1736128,5.3763872
0,5.8
0.1773584,5.7976416
3.3127128,4.7622872
0.3552352,5.7947648
5.77241884,0.627581156
4.795,3.28
1.61907188,5.58092812
5.265,2.46
0.5335728,5.7914272
5.7144976,1.1105024
5.82047218,0.154527822
0.7123136,5.7876864
4.13,4.12
3.915,4.335
4.345,3.905
2.73255938,5.16744063
0.8914,5.7836
3.1127136,4.9622864
1.8,5.575
2.3552932,5.3697068
3.7,4.55
4.56,3.69
5.81475556,0.785244444
5.5399504,1.9350496
5.65,1.6
5.01,3.065
5.86531342,0.309686578
1.0707744,5.7792256
5.245,2.655
5.42370204,2.27629796
5.7555024,1.2694976
3.49642322,4.75357677
4.775,3.475
1.2503792,5.7746208
1.98092813,5.56907188
2.9146208,5.1603792
5.9096208,0.4653792
5.8569216,0.9430784
2.5368224,5.3631776
1.4301568,5.7698432
5.95,0
3.2953824,4.9546176
5.225,2.85
5.69,1.76
4.11,4.315
5.5785056,2.0964944
4.325,4.1
4.99,3.26
2.1618,5.5632
5.7965248,1.4284752
3.895,4.53
0,5.975
4.54,3.885
0.176473825,5.97352618
5.46,2.44
0.3534296,5.9715704
1.6100496,5.7649504
5.95349138,0.621508622
0.530813775,5.96918622
5.99714524,0.152854756
5.89898524,1.10101476
3.68,4.745
4.755,3.67
2.71815,5.35685
0.7085728,5.9664272
3.09643652,5.15356347
0.886653125,5.96334688
5.205,3.045
2.34255938,5.55744062
1.79,5.76
5.73,1.92
5.44,2.635
5.99702222,0.777977778
3.4778208,4.9471792
5.8376,1.5874
6.04351396,0.306486044
4.97,3.455
5.6168672,2.2581328
1.0650012,5.9599988
5.94101476,1.25898524
4.305,4.295
1.9699504,5.7550496
1.24356348,5.95643652
2.8992256,5.3507744
4.09,4.51
4.52,4.08
2.52315,5.55185
3.2779656,5.1470344
6.0892256,0.4607744
3.875,4.725
4.735,3.865
6.0403104,0.9346896
5.185,3.24
5.42,2.83
1.4222864,5.9527136
6.125,0
5.8787632,1.7462368
5.77,2.08
2.1498432,5.7501568
3.66,4.94
5.9830784,1.4169216
0,6.15
4.95,3.65
5.655,2.42
0.1757688,6.1492312
0.3519264,6.1480736
1.60111642,5.94888357
6.13439964,0.615600356
3.0799988,5.3450012
0.5284296,6.1465704
2.70351562,5.54648438
6.17368889,0.151311111
6.08345298,1.09154702
0.7052352,6.1447648
5.4,3.025
3.45916707,5.14083293
2.3296208,5.7453792
5.165,3.435
0.8823,6.1427
1.78,5.945
4.285,4.49
4.5,4.275
5.635,2.615
5.9200496,1.9049504
4.07,4.705
4.715,4.06
5.81,2.24
6.17915556,0.770844444
6.02524444,1.57475556
6.22151111,0.303488889
1.0595808,6.1404192
2.8836,5.5414
3.855,4.92
4.93,3.845
6.12654702,1.24845298
1.95888357,5.94111642
3.2604192,5.3395808
1.2370344,6.1379656
2.5092256,5.7407744
5.38,3.22
5.615,2.81
6.2686,0.4564
6.2236128,0.9263872
3.64,5.135
1.4146176,6.1353824
5.145,3.63
6.3,0
5.9614944,2.0635056
6.06758116,1.73241884
2.1377136,5.9372864
5.85,2.4
0,6.325
0.175268975,6.32473102
3.06334687,5.53665312
6.1696896,1.4053104
4.48,4.47
0.3507688,6.3242312
2.6886,5.7364
4.265,4.685
1.5922872,6.1327128
4.695,4.255
6.31508889,0.609911111
0.526473825,6.32352617
3.4404364,5.3345636
5.595,3.005
6.35007076,0.149929244
5.36,3.415
4.05,4.9
4.91,4.04
6.26789084,1.08210916
0.7023584,6.3226416
2.31643653,5.93356347
1.77,6.13
5.83,2.595
0.878396875,6.32160312
3.835,5.115
5.125,3.825
6.1101568,1.8898432
6.0031328,2.2218672
6.39925404,0.300745956
6.21297778,1.56202222
6.36111111,0.763888889
1.0545636,6.3204364
2.8676864,5.7323136
3.2427,5.5323
5.575,3.2
1.9477128,6.1272872
6.31210916,1.23789084
2.4949988,5.9300012
1.23083293,6.31916707
3.62,5.33
5.81,2.79
5.34,3.61
4.46,4.665
4.675,4.45
6.4476864,0.4523136
4.245,4.88
4.89,4.235
6.4068,0.9182
1.4071792,6.3178208
6.475,0
2.1253824,6.1246176
6.15303964,2.04696036
6.25650862,1.71849138
3.0464272,5.7285728
4.03,5.095
6.045,2.38
5.105,4.02
0,6.5
3.42160312,5.52839688
2.67334687,5.92665312
0.175,6.5
6.3563872,1.3936128
0.35,6.5
5.555,3.395
1.58357677,6.31642323
5.79,2.985
0.525,6.5
6.49550436,0.604495644
6.52625849,0.148741511
0.7,6.5
3.815,5.31
5.32,3.805
6.45228889,1.07271111
2.3029656,6.1220344
6.025,2.575
1.76,6.315
0.875,6.5
3.2247648,5.7252352
6.3003792,1.8746208
2.8514272,5.9235728
4.655,4.645
6.19629796,2.20370204
4.44,4.86
4.87,4.43
6.57669191,0.298308089
1.05,6.5
6.40084444,1.54915556
6.54284444,0.757155556
5.77,3.18
3.6,5.525
5.535,3.59
2.4804192,6.1195808
4.225,5.075
1.93642323,6.31357677
5.085,4.215
6.49771111,1.22728889
6.005,2.77
1.225,6.5
4.01,5.29
5.3,4
6.6264272,0.4485728
1.4,6.5
6.65,0
3.02918623,5.92081378
6.5898432,0.9101568
2.1128208,6.3121792
3.4026416,5.7223584
6.34468658,2.03031342
6.44560036,1.70439964
5.75,3.375
2.6577,6.1173
6.24,2.36
0,6.675
0.175,6.675
5.985,2.965
0.35,6.675
3.795,5.505
6.5432,1.3818
1.575,6.5
5.515,3.785
0.525,6.675
4.635,4.84
4.85,4.625
6.67559129,0.599408711
6.70221973,0.147780267
0.7,6.675
2.28916707,6.31083292
4.42,5.055
5.065,4.41
6.63663716,1.06336284
6.22,2.555
3.2065704,5.9184296
1.75,6.5
0.875,6.675
2.8347648,6.1152352
4.205,5.27
5.28,4.195
3.58,5.72
5.965,3.16
5.73,3.57
6.4907744,1.8592256
6.38952782,2.18547218
1.05,6.675
6.75377387,0.296226133
6.58888889,1.53611111
6.72431111,0.750688889
2.4654364,6.3095636
1.925,6.5
6.2,2.75
3.99,5.485
5.495,3.98
1.225,6.675
6.68336284,1.21663716
3.0115704,6.1134296
3.38352618,5.91647383
6.8047648,0.4452352
1.4,6.675
4.83,4.82
6.825,0
5.945,3.355
4.615,5.035
5.045,4.605
2.1,6.5
6.7727136,0.9022864
3.775,5.7
2.64160312,6.30839687
5.71,3.765
6.53648604,2.01351396
6.18,2.945
6.63491111,1.69008889
6.435,2.34
4.4,5.25
0,6.85
5.26,4.39
0.175,6.85
1.575,6.675
0.35,6.85
6.7301568,1.3698432
0.525,6.85
6.87792213,0.147077867
6.85529493,0.594705067
4.185,5.465
5.475,4.175
0.7,6.85
2.275,6.5
3.1880736,6.1119264
6.415,2.535
1.75,6.675
6.82092569,1.05407431
3.56,5.915
0.875,6.85
5.925,3.55
2.8176416,6.3073584
6.16,3.14
3.97,5.68
1.05,6.85
6.58285476,2.16714524
6.6814,1.8436
5.69,3.96
6.93044907,0.294550933
6.90546667,0.744533333
6.77715556,1.52284444
2.45,6.5
1.925,6.675
4.81,5.015
5.025,4.8
6.395,2.73
1.225,6.85
4.595,5.23
5.24,4.585
6.86907431,1.20592569
3.3642312,6.1107688
2.99352617,6.30647382
6.14,3.335
4.38,5.445
3.755,5.895
5.455,4.37
1.4,6.85
5.905,3.745
6.9826416,0.4423584
2.1,6.675
7,0
2.625,6.5
6.9553824,0.8946176
6.375,2.925
6.72848889,1.99651111
6.63,2.32
0,7.025
6.82449564,1.67550436
0.175,7.025
4.165,5.66
1.575,6.85
5.67,4.155
0.35,7.025
0.525,7.025
6.9172864,1.3577136
2.275,6.675
7.05333333,0.146666667
3.1692312,6.3057688
7.03456053,0.590439467
0.7,7.025
3.54,6.11
6.12,3.53
1.75,6.85
5.005,4.995
6.61,2.515
4.79,5.21
2.8,6.5
5.22,4.78
0.875,7.025
3.95,5.875
6.355,3.12
5.885,3.94
7.00514453,1.04485547
4.575,5.425
5.435,4.565
1.05,7.025
6.77631111,2.14868889
2.45,6.675
6.8723136,1.8276864
7.10666667,0.293333333
1.925,6.85
7.08626667,0.738733333
6.59,2.71
6.96568889,1.50931111
4.36,5.64
5.65,4.35
1.225,7.025
3.34473102,6.30526897
3.735,6.09
6.1,3.725
2.975,6.5
6.335,3.315
7.05485547,1.19514453
1.4,7.025
2.1,6.85
7.16666667,-3.70074342e-17
2.625,6.675
7.16,0.44
4.145,5.855
5.865,4.135
6.57,2.905
7.1378208,0.8871792
4.985,5.19
5.2,4.975
6.92074596,1.97925404
1.575,7.025
0,7.2
6.825,2.3
0.175,7.2
7.01440871,1.66059129
0.35,7.2
4.77,5.405
5.415,4.76
7.21602163,0.142709374
2.275,6.85
0.525,7.2
3.52,6.305
3.15,6.5
6.315,3.51
7.1046176,1.3453824
3.93,6.07
0.7,7.2
4.555,5.62
6.08,3.92
5.63,4.545
7.21333333,0.586666667
2.8,6.675
1.75,7.025
6.55,3.1
6.805,2.495
0.875,7.2
7.18928373,1.03571627
7.2653601,0.283849502
4.34,5.835
5.845,4.33
2.45,6.85
1.05,7.2
1.925,7.025
6.96992924,2.13007076
7.0635728,1.8114272
6.785,2.69
3.715,6.285
3.325,6.5
1.225,7.2
7.26666667,0.733333333
6.295,3.705
2.975,6.675
7.15453333,1.49546667
6.53,3.295
5.18,5.17
4.125,6.05
4.965,5.385
6.06,4.115
5.395,4.955
7.31473839,0.423611871
2.1,7.025
7.33333333,-7.40148683e-17
1.4,7.2
2.625,6.85
7.24071627,1.18428373
4.75,5.6
5.61,4.74
6.765,2.885
1.575,7.2
7.32,0.88
4.535,5.815
7.37336549,0.135101886
0,7.375
5.825,4.525
0.175,7.375
7.11330809,1.96169191
3.15,6.675
7.02,2.28
3.5,6.5
0.35,7.375
2.275,7.025
3.91,6.265
7.36421073,0.562184498
6.51,3.49
6.275,3.9
7.20470507,1.64529493
0.525,7.375
2.8,6.85
0.7,7.375
1.75,7.2
7.2921792,1.3328208
6.745,3.08
4.32,6.03
7.41447932,0.268890991
6.04,4.31
7,2.475
0.875,7.375
2.45,7.025
5.16,5.365
5.375,5.15
7.37333333,1.02666667
7.41383034,0.699755943
1.05,7.375
1.925,7.2
4.945,5.58
5.59,4.935
3.325,6.675
3.695,6.48
6.49,3.685
7.45671538,0.401463287
2.975,6.85
7.16374151,2.11125849
6.98,2.67
4.105,6.245
7.2552352,1.7947648
1.225,7.375
6.255,4.095
6.725,3.275
4.73,5.795
5.805,4.72
7.34373333,1.48126667
2.625,7.025
7.5,-1.11022302e-16
2.1,7.2
1.4,7.375
7.46365051,0.836519203
4.515,6.01
7.42666667,1.17333333
6.02,4.505
7.50010954,0.532912279
6.96,2.865
7.52803713,0.125669302
3.5,6.675
3.15,6.85
3.89,6.46
1.575,7.375
6.47,3.88
6.705,3.47
0,7.55
2.275,7.2
0.175,7.55
0.35,7.55
7.30622613,1.94377387
7.215,2.26
2.8,7.025
7.55881144,0.251195141
4.3,6.225
5.355,5.345
0.525,7.55
6.235,4.29
5.14,5.56
5.57,5.13
7.39543947,1.62956053
7.54469394,0.663332376
7.51372557,0.972675355
1.75,7.375
0.7,7.55
6.94,3.06
4.925,5.775
5.785,4.915
7.48,1.32
0.875,7.55
7.59231166,0.376434476
7.195,2.455
2.45,7.2
3.69473103,6.65526898
3.325,6.85
4.71,5.99
6,4.7
1.925,7.375
1.05,7.55
6.685,3.665
4.085,6.44
2.975,7.025
6.45,4.075
7.5904978,0.792822163
7.5641118,1.10843685
7.62851907,0.501245034
6.92,3.255
1.225,7.55
7.175,2.65
7.35778027,2.09221973
7.4473584,1.7776416
4.495,6.205
2.625,7.2
6.215,4.485
7.66666667,-1.48029737e-16
2.1,7.375
7.53333333,1.46666667
1.4,7.55
7.68270877,0.116236717
5.335,5.54
5.55,5.325
3.8892312,6.6357688
3.5,6.85
7.66740751,0.625485721
7.63754828,0.921487467
3.15,7.025
7.155,2.845
6.665,3.86
5.12,5.755
5.765,5.11
7.70314355,0.233499291
1.575,7.55
6.9,3.45
7.61486823,1.24403035
4.28,6.42
2.275,7.375
6.43,4.27
0,7.725
2.8,7.2
4.905,5.97
0.175,7.725
5.98,4.895
0.35,7.725
7.72790794,0.351405664
7.41,2.24
7.49955093,1.92544907
0.525,7.725
7.70894349,0.749017003
1.75,7.55
7.135,3.04
7.58666667,1.61333333
0.7,7.725
7.68587126,1.04944414
4.69,6.185
6.195,4.68
3.6942312,6.8307688
7.75692859,0.469577789
2.45,7.375
3.325,7.025
0.875,7.725
4.08352618,6.61647383
7.39,2.435
6.645,4.055
6.88,3.645
7.66605722,1.37969911
2.975,7.2
1.925,7.55
1.05,7.725
7.75308624,0.87170129
4.475,6.4
6.41,4.465
7.79012108,0.587639065
5.53,5.52
7.115,3.235
5.315,5.735
5.745,5.305
1.225,7.725
7.73549197,1.17682048
7.37,2.63
2.625,7.375
7.55207787,2.07292213
7.83333333,-1.85037171e-16
2.1,7.55
5.1,5.95
5.96,5.09
7.64,1.76
7.84005263,0.108629229
3.8880736,6.8119264
3.5,7.025
1.4,7.725
7.85226278,0.218540781
3.15,7.2
7.82738917,0.705211842
6.86,3.84
4.2776416,6.5973584
7.79978788,0.993403316
7.71774509,1.51570481
4.885,6.165
6.175,4.875
6.625,4.25
7.35,2.825
7.86988493,0.329257081
7.095,3.43
1.575,7.725
2.275,7.55
2.8,7.375
7.78643562,1.30375929
0,7.9
0.175,7.9
7.89282741,0.44030557
4.67,6.38
0.35,7.9
6.39,4.66
7.8686242,0.821915114
0.525,7.9
3.69352618,7.00647383
1.75,7.725
7.605,2.22
4.0815704,6.7934296
7.69333333,1.90666667
7.84899348,1.11399051
7.33,3.02
3.325,7.2
0.7,7.9
2.45,7.55
5.51,5.715
5.725,5.5
7.92098468,0.551215498
6.84,4.035
7.77000237,1.65232889
0.875,7.9
7.075,3.625
5.295,5.93
5.94,5.285
2.975,7.375
4.47160312,6.57839687
7.585,2.415
1.925,7.725
6.605,4.445
7.83872784,1.43041946
7.9137045,0.937362494
1.05,7.9
5.08,6.145
6.155,5.07
7.95423647,0.661514802
7.31,3.215
2.625,7.55
1.225,7.9
7.90064127,1.23333334
3.8865704,6.9884296
8,-2.22044605e-16
7.565,2.61
8.00274093,0.104671936
2.1,7.725
3.5,7.2
4.865,6.36
6.37,4.855
4.2747648,6.7752352
8.01095621,0.209056949
7.74666667,2.05333333
3.15,7.375
7.055,3.82
1.4,7.9
7.82290414,1.78987335
6.82,4.23
7.99244692,0.770727226
8.02462332,0.312868951
7.96249499,1.05116053
7.8923951,1.55697721
7.29,3.41
4.6654364,6.5595636
7.545,2.805
2.8,7.55
2.275,7.725
8.0437048,0.415823401
1.575,7.9
6.585,4.64
5.705,5.695
5.49,5.91
5.92,5.48
7.95466277,1.35130571
0,8.075
3.6926416,7.1823584
4.07918622,6.97081378
0.175,8.075
0.35,8.075
8.03546396,0.878369784
5.275,6.125
6.135,5.265
8.06814835,0.517638108
3.325,7.375
1.75,7.9
0.525,8.075
8.01484691,1.16290739
7.035,4.015
4.4677,6.7573
7.525,3
2.45,7.725
7.8,2.2
0.7,8.075
7.87653006,1.92866106
5.06,6.34
6.8,4.425
6.35,5.05
7.27,3.605
2.975,7.55
8.09788697,0.618034005
0.875,8.075
7.94746493,1.68362683
1.925,7.9
7.78,2.395
8.08311874,0.983950661
1.05,8.075
8.01098301,1.46778526
4.85916708,6.54083293
3.8847648,7.1652352
6.565,4.835
7.505,3.195
2.625,7.725
4.2714272,6.9535728
3.5,7.375
8.13283916,0.716735914
1.225,8.075
8.0705977,1.27219195
2.1,7.9
3.15,7.55
7.76,2.59
7.015,4.21
7.25,3.8
5.685,5.89
5.9,5.675
4.6604192,6.7395808
1.4,8.075
7.93096441,2.06903559
5.47,6.105
6.115,5.46
6.78,4.62
8.00396612,1.81058109
8.13522531,1.08696757
8.17290909,0.813473299
2.8,7.725
7.485,3.39
5.255,6.32
6.33,5.245
2.275,7.9
8.06952071,1.58265373
7.74,2.785
1.575,8.075
4.0764272,7.1485728
3.69160313,7.35839688
8.12957092,1.3785933
4.46334688,6.93665313
3.325,7.55
0,8.25
5.0528208,6.5221792
0.175,8.25
6.545,5.03
0.35,8.25
7.94666667,2.25333333
7.23,3.995
1.75,8.075
6.995,4.405
0.525,8.25
8.21798696,0.907981011
2.45,7.9
7.72,2.98
8.19158045,1.1869066
2.975,7.725
0.7,8.25
7.465,3.585
4.8529656,6.7220344
8.06192881,1.93807119
0.875,8.25
7.92707787,2.44792213
6.76,4.815
1.925,8.075
8.13018851,1.69579728
3.8827,7.3423
5.88,5.87
4.2676864,7.1323136
5.665,6.085
6.095,5.655
1.05,8.25
3.5,7.55
8.19157649,1.48168062
2.625,7.9
8.2679492,1.00000001
7.7,3.175
5.45,6.3
6.31,5.44
7.90778027,2.64221973
7.21,4.19
4.6549988,6.9200012
1.225,8.25
3.15,7.725
2.1,8.075
8.07133197,2.12346804
7.445,3.78
8.25196365,1.28324163
6.975,4.6
5.24642323,6.50357678
6.525,5.225
1.4,8.25
2.8,7.9
4.07334688,7.32665312
7.88874151,2.83625849
7.68,3.37
2.275,8.075
3.6904364,7.5345636
8.19289322,1.80710678
5.0453824,6.7046176
8.32265887,1.08927808
4.4586,7.1164
6.74,5.01
1.575,8.25
8.2564109,1.58101346
3.325,7.725
8.09333333,2.30666667
7.19,4.385
7.425,3.975
0,8.425
0.175,8.425
8.31613728,1.37543411
8.18941333,1.99603236
0.35,8.425
7.86992924,3.03007076
5.86,6.065
1.75,8.25
6.075,5.85
4.84643653,6.90356348
2.45,8.075
0.525,8.425
2.975,7.9
5.645,6.28
6.29,5.635
6.955,4.795
7.66,3.565
8.07455093,2.50044907
0.7,8.425
3.8804192,7.5195808
4.2636,7.3114
8.38196602,1.17557051
5.44,6.485
6.505,5.42
0.875,8.425
1.925,8.25
3.5,7.725
7.85131111,3.22368889
4.6492256,7.1007744
1.05,8.425
8.32385763,1.67614238
2.625,8.075
8.21010295,2.1770894
5.2377128,6.6872872
8.05622613,2.69377387
7.405,4.17
6.72,5.205
3.15,7.9
7.17,4.58
8.38384696,1.46293349
8.30420272,1.86981149
2.1,8.25
1.225,8.425
7.64,3.76
5.0377136,6.8872864
4.0699988,7.5050012
8.44570808,1.25864079
1.4,8.425
8.03830809,2.88669191
6.935,4.99
7.83285476,3.41714524
2.8,8.075
3.68916707,7.71083292
4.45351563,7.29648438
6.055,6.045
2.275,8.25
5.84,6.26
6.27,5.83
8.3163542,2.05252991
1.575,8.425
3.325,7.9
8.24,2.36
5.63357678,6.46642322
6.485,5.615
7.385,4.365
4.8396208,7.0853792
7.62,3.955
8.02074596,3.07925404
8.45482204,1.54517797
8.41899211,1.74359062
7.15,4.775
0,8.6
5.43,6.67
0.175,8.6
1.75,8.425
6.7,5.4
2.975,8.075
2.45,8.25
0.35,8.6
7.81452782,3.61047218
8.2223584,2.5526416
0.525,8.6
4.2592256,7.4907744
8.51371036,1.33826122
3.8779656,7.6970344
0.7,8.6
5.22888357,6.87111643
8.41734627,1.93047929
4.64315,7.28185
8.34762642,2.22998545
3.5,7.9
1.925,8.425
6.915,5.185
0.875,8.6
8.00348889,3.27151111
8.2052352,2.7447648
2.625,8.25
7.6,4.15
7.365,4.56
1.05,8.6
3.15,8.075
7.79629796,3.80370204
5.0298432,7.0701568
6.035,6.24
6.25,6.025
2.1,8.425
1.225,8.6
8.53707347,1.61615494
5.8271792,6.4478208
7.13,4.97
6.465,5.81
4.06643653,7.68356347
8.1885728,2.9364272
4.44815,7.47685
8.58578644,1.41421357
8.44298703,2.10759515
7.98648604,3.46351396
3.6878208,7.8871792
8.51833833,1.80842868
5.6222872,6.6527128
2.8,8.25
1.4,8.6
6.68,5.595
2.275,8.425
8.38666667,2.41333333
4.83255938,7.26744063
3.325,8.075
7.58,4.345
5.42,6.855
1.575,8.6
7.7781328,3.9968672
6.895,5.38
7.345,4.755
8.1723136,3.1276864
8.53221474,1.98901699
8.37043947,2.60456053
7.96968658,3.65531342
2.975,8.25
4.2546208,7.6703792
2.45,8.425
0,8.775
5.2199504,7.0550496
1.75,8.6
3.8753824,7.8746176
0.175,8.775
0.35,8.775
8.48422968,2.28223706
4.6368224,7.4631776
8.62458958,1.68386918
7.11,5.165
8.66173877,1.48628964
0.525,8.775
3.5,8.075
0.7,8.775
6.23,6.22
8.1564,3.3186
6.02083292,6.42916708
6.445,6.005
8.35470507,2.79529493
1.925,8.6
7.56,4.54
0.875,8.775
7.76,4.19
5.0218,7.2532
8.62144245,1.87043883
5.8146176,6.6353824
2.625,8.425
6.66,5.79
3.15,8.25
7.95303964,3.84696036
1.05,8.775
8.56952813,2.16125787
7.325,4.95
5.61111643,6.83888358
4.0627136,7.8622864
6.875,5.575
2.1,8.6
4.44255938,7.65744062
8.33940871,2.98559129
1.225,8.775
8.1407744,3.5092256
3.68642322,8.06357678
4.8252932,7.4497068
2.8,8.425
8.74135921,1.55429191
5.41,7.04
8.53333333,2.46666667
1.4,8.775
8.64869429,2.04533723
7.09,5.36
8.71680306,1.74804853
3.325,8.25
2.275,8.6
7.7418672,4.3831328
7.54,4.735
7.9364944,4.0385056
8.32449564,3.17550436
1.575,8.775
5.21092813,7.23907188
8.51873333,2.65626667
4.2498432,7.8501568
8.1253792,3.6996208
6.2145636,6.4104364
6.425,6.2
8.62021811,2.33392021
2.975,8.425
7.305,5.145
3.8727128,8.0522872
4.6302932,7.6447068
6.0070344,6.6179656
8.72786046,1.92941659
6.64,5.985
2.45,8.6
1.75,8.775
0,8.95
0.175,8.95
5.8022864,6.8227136
0.35,8.95
6.855,5.77
3.5,8.25
0.525,8.95
8.30991111,3.36508889
8.50453333,2.84546667
5.0136128,7.4363872
8.82442949,1.61803398
8.69617449,2.21354633
0.7,8.95
7.72370204,4.57629796
7.92,4.23
1.925,8.775
5.6000496,7.0249504
7.07,5.555
2.625,8.6
7.52,4.93
0.875,8.95
3.15,8.425
8.1101568,3.8898432
8.81315891,1.80843741
4.4368,7.8382
4.05888358,8.04111643
1.05,8.95
8.76666666,2.09935874
8.49068889,3.03431111
5.4,7.225
2.1,8.775
8.29560036,3.55439964
4.81786322,7.63213678
3.685,8.24
7.285,5.34
1.225,8.95
8.68,2.52
2.8,8.6
6.40839688,6.39160313
6.1995808,6.6004192
7.9035056,4.4214944
6.62,6.18
3.325,8.425
8.83715884,1.98517114
1.4,8.95
7.70547218,4.76952782
5.2018316,7.4231684
8.0950496,4.0799504
2.275,8.775
8.91072192,1.67734113
8.47715556,3.22284444
5.99356347,6.80643653
6.835,5.965
8.75587544,2.38510609
8.6671792,2.7078208
4.2449504,8.0300496
7.5,5.125
1.575,8.95
8.28150862,3.74349138
4.6236128,7.8263872
5.7901568,7.0098432
3.87,8.23
7.05,5.75
2.975,8.6
8.91311522,1.86479726
8.82310415,2.26448748
2.45,8.775
5.0053104,7.6196896
1.75,8.95
3.5,8.425
5.58907188,7.21092813
0,9.125
8.46388889,3.41111111
8.6546176,2.8953824
0.175,9.125
0.35,9.125
7.265,5.535
7.88696036,4.61303964
8.08,4.27
0.525,9.125
8.8860095,2.15100652
7.68714524,4.96285476
0.7,9.125
1.925,8.95
8.26758116,3.93241884
3.15,8.6
2.625,8.775
4.43092812,8.01907188
5.39,7.41
8.99999999,1.7320508
4.055,8.22
0.875,9.125
8.6422864,3.0827136
6.3923,6.5827
6.6023584,6.3726416
4.8103104,7.8146896
8.94891484,2.03752556
7.48,5.32
6.1850012,6.7899988
1.05,9.125
8.45084444,3.59915556
6.815,6.16
3.68357677,8.41642323
2.1,8.95
8.82666667,2.57333333
5.9803792,6.9946208
7.03,5.945
1.225,9.125
5.19267567,7.60732432
2.8,8.775
8.0649504,4.4600496
9.01614355,1.91690695
8.89146461,2.43586133
3.325,8.6
7.87031342,4.80468658
8.2537632,4.1212368
8.6301568,3.2698432
5.7782,7.1968
1.4,9.125
2.275,8.95
7.245,5.73
8.81571627,2.75928373
4.24,8.21
7.66868889,5.15631111
4.6168316,8.0081684
8.95047703,2.31410725
8.43797778,3.78702222
3.8672872,8.4077128
1.575,9.125
5.5781684,7.3968316
9.092019,1.78201305
2.975,8.775
4.9969216,7.8030784
9.00659669,2.20021212
7.46,5.515
2.45,8.95
8.80485547,2.94514453
3.5,8.6
8.6182,3.4568
1.75,9.125
8.0498432,4.6501568
6.5852352,6.5647648
8.24,4.31
9.06271635,2.086317
0,9.3
0.175,9.3
6.37665312,6.77334687
6.79647382,6.35352618
0.35,9.3
5.38,7.595
7.85351396,4.99648604
0.525,9.3
8.42524444,3.97475556
6.1707744,6.9792256
4.425,8.2
7.01,6.14
3.15,8.775
4.05111643,8.39888357
1.925,9.125
0.7,9.3
2.625,8.95
4.80267567,7.99732432
9.12172877,1.96456291
8.79407431,3.13092569
7.65007076,5.34992924
5.96744063,7.18255937
0.875,9.3
7.225,5.925
8.6063872,3.6436128
3.6821792,8.5928208
8.97333333,2.62666667
5.1834752,7.7915248
1.05,9.3
9.02722914,2.4862484
2.1,9.125
9.18652671,1.82709091
5.7663872,7.3836128
8.2262368,4.4987632
2.8,8.95
7.44,5.71
8.0346208,4.8403792
1.225,9.3
9.07843613,2.36243089
3.325,8.775
8.4126,4.1624
8.78336284,3.31663716
8.96428373,2.81071627
4.2350496,8.3899504
4.61,8.19
7.83651111,5.18848889
9.12829872,2.24691376
2.275,9.125
1.4,9.3
5.56732432,7.58267568
8.5946896,3.8303104
3.8646176,8.5853824
4.9884752,7.9865248
9.1781613,2.13139663
6.5685728,6.7564272
6.7784296,6.5465704
2.975,8.95
6.3614,6.9636
7.63125849,5.54374151
1.575,9.3
6.9907688,6.3342312
8.95514453,2.99485547
9.2293683,2.00757912
8.77271111,3.50228889
3.5,8.775
2.45,9.125
6.15685,7.16815
5.37,7.78
7.205,6.12
8.21241884,4.68758116
8.4,4.35
1.75,9.3
8.0192256,5.0307744
9.2832641,1.86716085
4.41907187,8.38092813
0,9.475
5.9547068,7.3702932
8.5830784,4.0169216
0.175,9.475
0.35,9.475
4.795,8.18
7.42,5.905
4.0472864,8.5777136
3.15,8.95
0.525,9.475
7.81925404,5.38074596
8.94592569,3.17907431
2.625,9.125
1.925,9.3
0.7,9.475
9.12,2.68
8.76210916,3.68789084
5.17424503,7.97575498
9.16339505,2.53632612
5.7546896,7.5703104
3.68083292,8.76916707
0.875,9.475
9.20710924,2.4094835
9.25098301,2.29105652
7.61221973,5.73778027
1.05,9.475
2.1,9.3
8.3874,4.5376
8.19849138,4.87650862
2.8,9.125
9.29485677,2.17262953
6.76081377,6.73918622
8.5715248,4.2034752
3.325,8.95
8.93663716,3.36336284
6.5523136,6.9476864
6.9719264,6.5280736
5.5565248,7.7684752
9.1128208,2.8621792
1.225,9.475
4.6031684,8.3718316
8.0036,5.2214
4.2301568,8.5698432
9.33857096,2.04578692
6.34648438,7.15351563
7.18526898,6.31473102
4.98,8.17
8.75154702,3.87345298
9.38196601,1.90211303
2.275,9.3
3.8620344,8.7629656
1.4,9.475
6.1431776,7.3568224
7.80169191,5.57330809
7.4,6.1
2.975,9.125
5.36,7.965
9.1053824,3.0446176
1.575,9.475
8.92728889,3.54771111
3.5,8.95
5.94213677,7.55786323
8.37475556,4.72524444
2.45,9.3
8.56,4.39
8.18439964,5.06560036
4.4132,8.5618
1.75,9.475
7.59292213,5.93207787
4.78732433,8.36267568
8.74101476,4.05898524
4.04356348,8.75643652
7.9876864,5.4123136
0,9.65
5.7430784,7.7569216
0.175,9.65
9.30017337,2.58615039
9.0977136,3.2272864
3.15,9.125
9.33661108,2.45529064
0.35,9.65
5.165,8.16
9.37451429,2.33259249
9.26666667,2.73333333
2.625,9.3
0.525,9.65
8.91789084,3.73210916
9.4124175,2.20989434
1.925,9.475
6.7435728,6.9314272
6.9534296,6.7215704
3.6795636,8.9454364
9.44885521,2.0790346
0.7,9.65
9.48236191,1.93185165
6.5364,7.1386
7.1657688,6.5092312
7.78377387,5.76622613
0.875,9.65
6.33185,7.34315
8.5484752,4.5765248
5.54575497,7.95424503
8.36202222,4.91297778
7.38,6.295
2.1,9.475
1.05,9.65
8.7305024,4.2444976
9.0898432,3.4101568
9.26126667,2.91373333
4.5963872,8.5536128
3.325,9.125
2.8,9.3
8.17008889,5.25491111
4.2253792,8.7496208
4.9715248,8.3534752
6.1297068,7.5452932
1.225,9.65
8.90845298,3.91654702
3.8595808,8.9404192
7.57333333,6.12666667
7.9714272,5.6035728
2.275,9.475
5.35,8.15
1.4,9.65
5.9296896,7.7453104
9.25546667,3.09453333
2.975,9.3
9.0818,3.5932
3.5,9.125
8.5369216,4.7630784
1.575,9.65
8.72,4.43
9.58417662,1.9562952
8.34915556,5.10084444
2.45,9.475
7.76544907,5.95955093
9.55974685,2.10718688
9.49875498,2.37148093
4.40744063,8.74255938
9.53046415,2.24308284
4.7796896,8.5453104
9.46704581,2.49987903
6.9352352,6.9147648
5.7315248,7.9434752
6.72665313,7.12334688
7.14647383,6.70352618
8.89898524,4.10101476
9.43776311,2.63577499
8.15550436,5.44449564
4.0400012,8.9349988
1.75,9.65
5.15575497,8.34424502
6.5207744,7.3292256
9.24931111,3.27568889
7.36,6.49
9.41333333,2.78666667
3.15,9.3
0,9.825
0.175,9.825
9.0736128,3.7763872
6.31744063,7.53255938
0.35,9.825
2.625,9.475
3.67839688,9.12160313
0.525,9.825
1.925,9.65
7.9547648,5.7952352
5.535,8.14
7.55374453,6.32125547
0.7,9.825
8.7094976,4.6155024
8.5253104,4.9496896
6.1163872,7.7336128
0.875,9.825
9.40956053,2.96543947
4.5897068,8.7352932
9.24284444,3.45715556
8.8894976,4.2855024
8.33611111,5.28888889
4.9630784,8.5369216
2.1,9.65
3.325,9.3
4.2207744,8.9292256
2.8,9.475
1.05,9.825
9.68713108,1.97537668
9.0653104,3.9596896
7.74666667,6.15333333
5.91732433,7.93267568
5.34,8.335
3.8573,9.1177
8.14059129,5.63440871
1.225,9.825
9.67077635,2.13012418
9.64862108,2.27209935
2.275,9.65
9.40529493,3.14470507
6.9173,7.1077
7.1273584,6.8976416
9.62356554,2.40768834
1.4,9.825
6.7100012,7.3149988
9.23611111,3.63888889
7.34,6.685
9.59851,2.54327734
2.975,9.475
8.69898524,4.80101476
3.5,9.3
5.72,8.13
8.88,4.47
7.9376416,5.9873584
8.5136128,5.1363872
6.5053792,7.5196208
9.57635473,2.6852525
4.77213677,8.72786323
4.40185,8.92315
1.575,9.825
2.45,9.65
9.0569216,4.1430784
7.53444693,6.51555307
5.1465248,8.5284752
8.32284444,5.47715556
4.03665312,9.11334688
6.3032,7.7218
9.40059129,3.32440871
9.56,2.84
1.75,9.825
3.15,9.475
9.22915556,3.82084444
9.79094308,1.98904379
5.52424502,8.32575497
8.12529493,5.82470507
3.6773584,9.2976416
0,10
6.1031684,7.9218316
7.72788427,6.34711573
2.625,9.65
0.175,10
0.35,10
1.925,9.825
0.525,10
9.78147575,2.14774173
8.8705024,4.6544976
8.68845298,4.98654702
9.5576416,3.0173584
0.7,10
4.5831776,8.9168224
9.39550436,3.50449564
4.9546896,8.7203104
9.0484752,4.3265248
8.5018,5.3232
9.76651394,2.29686005
4.2164,9.1086
0.875,10
5.905,8.12
7.10839688,7.09160313
3.325,9.475
6.8995808,7.3004192
7.32,6.88
7.92,6.18
2.1,9.825
2.8,9.65
9.74880488,2.44118856
5.33,8.52
9.22202222,4.00297778
1.05,10
8.30931111,5.66568889
6.69356347,7.50643652
3.8552352,9.2947648
9.73109581,2.58551708
7.51540818,6.70959182
1.225,10
9.5547648,3.1952352
6.4901568,7.7098432
2.275,9.825
5.7084752,8.3165248
9.39008889,3.68491111
9.716134,2.7346354
9.8953281,1.99725907
8.86101476,4.83898524
8.10956053,6.01543947
1.4,10
2.975,9.65
3.5,9.475
8.67789084,5.17210916
9.04,4.51
4.7647068,8.9102932
6.28907187,7.91092812
4.39648438,9.10351562
7.70955947,6.54044053
5.13732432,8.71267567
9.21475556,4.18524444
8.4898432,5.5101568
1.575,10
9.89137531,2.1599486
2.45,9.825
9.70666667,2.89333333
4.0335728,9.2914272
9.5514272,3.3735728
5.5134752,8.5115248
6.09,8.11
9.38439964,3.86560036
3.15,9.65
7.9023584,6.3726416
9.88376691,2.31729221
1.75,10
8.29546667,5.85453333
3.67647382,9.47352617
7.0895636,7.2854364
7.3,7.075
2.625,9.825
6.8820344,7.4929656
8.85154702,5.02345298
9.0315248,4.6934752
9.87433072,2.47196287
9.70544907,3.06955093
1.925,10
4.57685,9.09815
5.89267568,8.30732432
4.9463872,8.9036128
9.5476864,3.5523136
8.66728889,5.35771111
6.6772864,7.6977136
9.2074,4.3676
7.49659591,6.90340409
10,2
4.2123136,9.2876864
8.09333333,6.20666667
5.32,8.705
3.325,9.65
9.86489452,2.62663353
9.37849138,4.04650862
8.4777136,5.6972864
6.4750496,7.8999504
2.8,9.825
2.1,10
7.69164142,6.73335858
3.8534296,9.4715704
10,2.16666667
9.70377387,3.24622613
5.6969216,8.5030784
9.85728612,2.78397714
6.275,8.1
9.5436,3.7314
8.28126667,6.04373333
2.275,10
9.0230784,4.8769216
7.8852352,6.5647648
8.84210916,5.20789084
4.75744063,9.09255938
9.2,4.55
3.5,9.65
2.975,9.825
10,2.33333333
5.1281684,8.8968316
4.3914,9.2836
8.65663716,5.54336284
9.37241884,4.22758116
9.85333333,2.94666667
6.0768316,8.2981684
9.70169191,3.42330809
7.28,7.27
4.03081377,9.46918622
5.50267567,8.69732433
7.07083293,7.47916708
2.45,10
8.07710613,6.39789387
6.8646176,7.6853824
10,2.5
7.47797778,7.09702222
9.5392256,3.9107744
8.4653824,5.8846176
3.15,9.825
6.66111643,7.88888358
3.6757688,9.6492312
5.8803104,8.4946896
9.85292213,3.12207787
7.67407929,6.92592071
9.0146896,5.0603104
2.625,10
9.1926,4.7324
4.9382,9.0868
4.5707744,9.2792256
9.69925404,3.60074596
8.83271111,5.39228889
10,2.66666667
9.3662368,4.4087632
6.46,8.09
8.26666667,6.23333333
5.31,8.89
4.2085728,9.4664272
7.8685728,6.7564272
8.64592569,5.72907431
3.325,9.825
9.5346208,4.0903792
5.6853104,8.6896896
2.8,10
6.26092812,8.28907188
3.8519264,9.6480736
9.85221973,3.29778027
10,2.83333333
9.69651111,3.77848889
8.4528208,6.0721792
8.06137173,6.58862827
7.26,7.465
9.18524444,4.91475556
4.7503792,9.2746208
7.0521792,7.6728208
9.0063872,5.2436128
5.11907188,9.08092812
9.36,4.59
3.5,9.825
6.0636128,8.4863872
7.45952142,7.29047858
4.38665312,9.46334687
2.975,10
6.8472872,7.8777128
8.82336284,5.57663716
10,3
9.5298432,4.2701568
5.4918316,8.8831684
9.85125849,3.47374151
4.0284296,9.6465704
7.65682222,7.11817778
8.25206667,6.42293333
6.645,8.08
8.63514453,5.91485547
9.69351396,3.95648604
5.86786323,8.68213678
3.15,10
7.8523136,6.9476864
3.67526897,9.82473103
10,3.175
6.4449504,8.2800496
9.17797778,5.09702222
4.9301568,9.2698432
9.3537632,4.7712368
4.5650012,9.4599988
9.85007076,3.64992924
8.9982,5.4268
8.44,6.26
5.3,9.075
9.5249504,4.4500496
8.04607538,6.77892462
4.2052352,9.6447648
8.81407431,5.76092569
6.2468,8.4782
5.6736128,8.8763872
9.69031342,4.13468658
3.325,10
7.24,7.66
10,3.35
3.8507688,9.8242312
7.03357678,7.86642323
7.44119449,7.48380551
8.23786667,6.61213333
8.62428373,6.10071627
9.84868889,3.82631111
6.83,8.07
7.63981938,7.31018062
6.0502932,8.6747068
9.34758116,4.95241884
4.74356348,9.45643652
5.1100496,9.2649504
9.17084444,5.27915556
9.52,4.63
4.3823,9.6427
3.5,10
5.48092813,9.06907188
8.9901568,5.6098432
6.62888357,8.27111643
7.8364,7.1386
10,3.525
9.68696036,4.31303964
8.4271792,6.4478208
4.02647383,9.82352617
8.80485547,5.94514453
5.8552932,8.8697068
9.84714524,4.00285476
8.03116231,6.96883769
6.4298432,8.4701568
3.675,10
4.9222864,9.4527136
9.34150862,5.13349138
9.5150496,4.8099504
10,3.7
8.61333333,6.28666667
4.5595808,9.6404192
5.29,9.26
9.16388889,5.46111111
7.22,7.855
8.22402222,6.80097778
9.6835056,4.4914944
6.23255938,8.66744063
7.42296462,7.67703538
4.2023584,9.8226416
7.015,8.06
5.6618,9.0632
8.9822864,5.7927136
7.62301991,7.50198009
9.84547218,4.17952782
6.8127128,8.2622872
3.85,10
8.4146176,6.6353824
7.8207744,7.3292256
8.79571627,6.12928373
6.0368224,8.8631776
10,3.875
5.10111642,9.44888357
4.7370344,9.6379656
6.6127136,8.4622864
9.5101568,4.9898432
9.33560036,5.31439964
8.01657778,7.15842222
9.68,4.67
5.4699504,9.2550496
4.37839687,9.82160312
9.15715556,5.64284444
9.84370204,4.35629796
8.60238293,6.47261707
6.4146208,8.6603792
5.84255938,9.05744063
4.025,10
8.9746176,5.9753824
8.21048889,6.98951111
10,4.05
7.2,8.05
7.40479947,7.87020053
4.9146176,9.6353824
7.60637298,7.69362702
8.78666667,6.31333333
6.99642323,8.25357677
9.5053792,5.1696208
5.28,9.445
6.21815,8.85685
9.6764944,4.8485056
8.4022864,6.8227136
4.5545636,9.8204364
9.32991111,5.49508889
9.8418672,4.5331328
7.8053792,7.5196208
5.6498432,9.2501568
4.2,10
9.15068889,5.82431111
6.7953824,8.4546176
10,4.225
8.00226702,7.34773298
8.59152213,6.65847787
6.02315,9.05185
8.9671792,6.1578208
6.59643653,8.65356347
8.19722222,7.17777778
5.0922872,9.6327128
4.73083292,9.81916708
9.67303964,5.02696036
9.5007744,5.3492256
5.45888358,9.44111643
9.84,4.71
4.375,10
9.32449564,5.67550436
8.77761707,6.49738293
6.3992256,8.8507744
10,4.4
5.8296208,9.2453792
7.18,8.245
8.3901568,7.0098432
7.38666667,8.06333333
9.14453333,6.00546667
7.58982773,7.88517227
6.9778208,8.4471792
7.7901568,7.7098432
6.20351562,9.04648438
4.9071792,9.8178208
8.58074098,6.84425902
8.96,6.34
5.27,9.63
9.66968658,5.20531342
7.98817529,7.53682471
9.8381328,4.8868672
4.55,10
6.7779656,8.6470344
9.4964,5.5286
5.6377136,9.4372864
10,4.575
9.31940871,5.85559129
8.18417778,7.36582222
6.0092256,9.2407744
8.76847787,6.68152213
6.5799988,8.8450012
9.13873333,6.18626667
8.3782,7.1968
5.08357677,9.81642322
4.725,10
5.4477128,9.6272872
9.83629796,5.06370204
9.66648604,5.38351396
7.36853387,8.25646613
6.3836,9.0414
7.16,8.44
10,4.75
7.57333333,8.07666667
9.4923136,5.7076864
8.9528208,6.5221792
5.81643652,9.43356347
7.7750496,7.8999504
8.57002951,7.02997049
6.95916707,8.64083292
9.31470507,6.03529493
7.97424782,7.72575218
6.1886,9.2364
8.17131111,7.55368889
6.7604192,8.8395808
8.75925902,6.86574098
9.13333333,6.36666667
5.26,9.815
4.9,10
9.83452782,5.24047218
10,4.925
5.6253824,9.6246176
9.66348889,5.56151111
8.3663872,7.3836128
9.4885728,5.8864272
6.56334687,9.03665312
5.9949988,9.4300012
8.9453824,6.7046176
9.31043947,6.21456053
8.55937778,7.21562222
7.35036871,8.44963129
7.55683893,8.26816107
7.14,8.635
7.76,8.09
5.075,10
6.3676864,9.2323136
5.43642322,9.81357677
7.96042987,7.91457013
10,5.1
9.83285476,5.41714524
9.12793333,6.54706667
6.9404364,8.8345636
5.8029656,9.6220344
8.74997049,7.05002951
9.66074596,5.73925404
8.15857778,7.74142222
9.4852352,6.0647648
6.17334688,9.42665312
6.7427,9.0323
8.3546896,7.5703104
8.9377136,6.8872864
9.30666667,6.39333333
5.25,10
5.6128208,9.8121792
10,5.275
8.54877582,7.40122418
9.83131111,5.59368889
6.5464272,9.2285728
9.65830809,5.91669191
5.9804192,9.6195808
7.54029369,8.45970631
7.33213884,8.64286116
9.12213333,6.72786667
7.7449504,8.2800496
7.12,8.83
8.74062222,7.23437778
7.94666667,8.10333333
9.4823584,6.2426416
6.3514272,9.4235728
8.14593333,7.92906667
6.92160312,9.02839688
5.425,10
10,5.45
8.9298432,7.0701568
9.30289387,6.57210613
5.78916707,9.81083292
8.3430784,7.7569216
9.82992924,5.77007076
6.7247648,9.2252352
9.65622613,6.09377387
6.1577,9.6173
8.53821369,7.58678631
9.11597778,6.90902222
9.48,6.42
8.73122418,7.41877582
5.6,10
6.52918623,9.42081377
7.52364676,8.65135324
7.7298432,8.4701568
7.31381191,8.83618809
10,5.625
7.93290347,8.29209653
5.9654364,9.8095636
7.1,9.025
9.82874151,5.94625849
8.13333333,8.11666667
9.29862827,6.75137173
8.9218,7.2532
8.3315248,7.9434752
9.65455093,6.27044907
6.3347648,9.6152352
6.9026416,9.2223584
8.52768142,7.77231858
9.10951111,7.09048889
5.775,10
9.4776416,6.5973584
10,5.8
6.7065704,9.4184296
8.72178631,7.60321369
6.14160312,9.80839687
9.82778027,6.12221973
9.29392462,6.93107538
7.7146208,8.6603792
7.50684729,8.84315271
7.91908551,8.48091449
9.65333333,6.44666667
8.9136128,7.4363872
7.29535556,9.02964444
6.5115704,9.6134296
8.12073333,8.30426667
7.08,9.22
8.32,8.13
5.95,10
9.4747648,6.7752352
10,5.975
9.10277778,7.27222222
8.51716907,7.95783093
6.88352618,9.41647383
6.3176416,9.8073584
9.82707787,6.29792213
8.71231858,7.78768142
9.28883769,7.11116231
9.65211573,6.62288427
6.6880736,9.6119264
8.9053104,7.6196896
6.125,10
7.6992256,8.8507744
7.90515804,8.66984196
7.48984444,9.03515556
10,6.15
8.10808889,8.49191111
7.27673742,9.22326258
9.4714272,6.9535728
8.3084752,8.3165248
9.09582222,7.45417778
6.49352618,9.80647382
9.82666667,6.47333333
7.06,9.415
8.50666667,8.14333333
8.70283093,7.97216907
9.28342222,7.29157778
9.65044053,6.79955947
6.8642312,9.6107688
6.3,10
10,6.325
8.8969216,7.8030784
9.4676864,7.1323136
6.6692312,9.8057688
7.89106631,8.85893369
9.82625547,6.64874453
7.6836,9.0414
8.09535556,8.67964444
9.08868889,7.63631111
7.47258738,9.22741262
8.2969216,8.5030784
7.25792516,9.41707484
8.49616427,8.32883573
9.64835858,6.97664142
9.27773298,7.47226702
7.04,9.61
6.475,10
8.69333333,8.15666667
10,6.5
8.8884752,7.9865248
6.84473102,9.80526897
9.4636,7.3114
9.82555307,6.82444693
9.08142222,7.81857778
7.87675556,9.04824444
8.08248889,8.86751111
7.6676864,9.2323136
8.2853104,8.6896896
6.65,10
9.64592071,7.15407929
7.45502524,9.41997476
8.48565191,8.51434809
9.27182471,7.65317529
10,6.675
7.2388864,9.6111136
8.68383573,8.34116427
7.02,9.805
9.82459182,7.00040818
9.4592256,7.4907744
8.88,8.17
9.07406667,8.00093333
6.825,10
9.64317778,7.33182222
10,6.85
8.06944444,9.05555556
7.86217102,9.23782898
9.26575218,7.83424782
8.2736128,8.8763872
7.6514272,9.4235728
8.47511964,8.69988036
7.4371072,9.6128928
8.67434809,8.52565191
9.82340409,7.17659591
9.4546208,7.6703792
7.2195888,9.8054112
8.8715248,8.3534752
7,10
9.06666667,8.18333333
9.64018062,7.50981938
10,7.025
9.25957013,8.01542987
8.05617778,9.24382222
8.2618,9.0632
7.84725796,9.42774204
9.82202222,7.35297778
8.46455751,8.88544249
7.6347648,9.6152352
9.4498432,7.8501568
8.66488036,8.71011964
7.4187824,9.8062176
8.8630784,8.5369216
10,7.2
7.2,10
9.63698009,7.68801991
9.05926667,8.36573333
9.25333333,8.19666667
9.82047858,7.52952142
8.2498432,9.2501568
8.04264444,9.43235556
9.4449504,8.0300496
8.45395556,9.07104444
7.8319616,9.6180384
8.65544249,8.89455751
7.6176416,9.8073584
10,7.375
8.8546896,8.7203104
9.63362702,7.86637298
7.4,10
9.05191111,8.54808889
9.24709653,8.37790347
9.81880551,7.70619449
9.44,8.21
8.2377136,9.4372864
8.44330382,9.25669618
10,7.55
8.0288,9.6212
8.64604444,9.07895556
7.8162272,9.8087728
9.63017227,8.04482773
8.8463872,8.9036128
7.6,10
9.04464444,8.73035556
9.81703538,7.88296462
9.24091449,8.55908551
9.4350496,8.3899504
10,7.725
8.43259236,9.44240764
8.2253824,9.6246176
9.62666667,8.22333333
8.63669618,9.26330382
8.0146,9.8104
8.8382,9.0868
7.8,10
9.03751111,8.91248889
9.81520053,8.05979947
9.23484196,8.74015804
9.4301568,8.5698432
10,7.9
9.62316107,8.40183893
8.4218112,9.6281888
8.62740764,9.44759236
8.2128208,9.8121792
8.8301568,9.2698432
8,10
9.81333333,8.23666667
9.03055556,9.09444444
9.22893369,8.92106631
10,8.075
9.4253792,8.7496208
9.61970631,8.58029369
8.6181888,9.6318112
9.81146613,8.41353387
8.4109504,9.8140496
8.8222864,9.4527136
8.2,10
9.02382222,9.27617778
9.22324444,9.10175556
10,8.25
9.4207744,8.9292256
9.61635324,8.75864676
9.80963129,8.59036871
8.6090496,9.8159504
8.8146176,9.6353824
8.4,10
9.01735556,9.45764444
10,8.425
9.21782898,9.28217102
9.4164,9.1086
9.61315271,8.93684729
9.80786116,8.76713884
8.8071792,9.8178208
10,8.6
8.6,10
9.0112,9.6388
9.21274204,9.46225796
9.4123136,9.2876864
9.61015556,9.11484444
9.80618809,8.94381191
10,8.775
8.8,10
9.0054,9.8196
9.2080384,9.6419616
9.4085728,9.4664272
9.60741262,9.29258738
9.80464444,9.12035556
10,8.95
9,10
9.2037728,9.8212272
9.4052352,9.6447648
9.60497476,9.47002524
9.80326258,9.29673742
10,9.125
9.2,10
9.4023584,9.8226416
9.6028928,9.6471072
9.80207484,9.47292516
10,9.3
9.4,10
9.6012176,9.8237824
9.8011136,9.6488864
10,9.475
9.6,10
9.8004112,9.8245888
10,9.65
9.8,10
10,9.825
10,10
